Date;Season;Competition;Round;Team;Opposition;H/A/N;W/D/L;Score;Match;Goals;Match
3/2/2025;2024-25;AFC Champions League;7;Al-Nassr;Al Wasl;H;W;4-0;613;2;613
30/1/2025;2024-25;Saudi Pro League;18;Al-Nassr;Al-Raed;A;W;2-1;612;1;612
26/1/2025;2024-25;Saudi Pro League;17;Al-Nassr;Al-Fateh;H;W;3-1;611;1;611
21/1/2025;2024-25;Saudi Pro League;16;Al-Nassr;Al-Khaleej;A;W;3-1;610;2;610
9/1/2025;2024-25;Saudi Pro League;14;Al-Nassr;Al-Okhdood;H;W;3-1;609;1;609
6/12/2024;2024-25;Saudi Pro League;13;Al-Nassr;Al-Ittihad;A;L;1-2;608;1;608
29/11/2024;2024-25;Saudi Pro League;12;Al-Nassr;Damac;H;W;2-0;607;2;607
25/11/2024;2024-25;AFC Champions League;5;Al-Nassr;Al-Gharafa;A;W;3-1;606;2;606
22/11/2024;2024-25;Saudi Pro League;11;Al-Nassr;Al-Qadisiyah;H;L;1-2;605;1;605
15/11/2024;2024-25;Nations League;5;Portugal;Poland;H;W;5-1;604;2;604
5/11/2024;2024-25;AFC Champions League;4;Al-Nassr;Al-Ain;H;W;5-1;603;1;603
18/10/2024;2024-25;Saudi Pro League;7;Al-Nassr;Al-Shabab;A;W;2-1;602;1;602
12/10/2024;2024-25;Nations League;3;Portugal;Poland;A;W;3-1;601;1;601
5/10/2024;2024-25;Saudi Pro League;6;Al-Nassr;Al-Orobah;H;W;3-0;600;1;600
30/9/2024;2024-25;AFC Champions League;2;Al-Nassr;Al-Rayyan;H;W;2-1;599;1;599
27/9/2024;2024-25;Saudi Pro League;5;Al-Nassr;Al-Wehda;H;W;2-0;598;1;598
20/9/2024;2024-25;Saudi Pro League;4;Al-Nassr;Al-Ettifaq;A;W;3-0;597;1;597
8/9/2024;2024-25;Nations League;2;Portugal;Scotland;H;W;2-1;596;1;596
5/9/2024;2024-25;Nations League;1;Portugal;Croatia;H;W;2-1;595;1;595
27/8/2024;2024-25;Saudi Pro League;2;Al-Nassr;Al-Fayha;A;W;4-1;594;1;594
22/8/2024;2024-25;Saudi Pro League;1;Al-Nassr;Al-Raed;H;D;1-1;593;1;593
17/8/2024;2024-25;Saudi Super Cup;Final;Al-Nassr;Al-Hilal;N;L;1-4;592;1;592
14/8/2024;2024-25;Saudi Super Cup;1/2;Al-Nassr;Al-Taawon;N;W;2-0;591;1;591
11/6/2024;2023-24;Friendly;N/A;Portugal;Ireland;H;W;3-0;590;2;590
27/5/2024;2023-24;Saudi Pro League;34;Al-Nassr;Al-Ittihad;H;W;4-2;589;2;589
9/5/2024;2023-24;Saudi Pro League;31;Al-Nassr;Al-Akhdoud;A;W;3-2;588;1;588
6/5/2024;2023-24;Saudi Pro League;30;Al-Nassr;Al-Wehda;H;W;6-0;587;3;587
1/5/2024;2023-24;King Cup;1/2;Al-Nassr;Al-Khaleej;N;W;3-1;586;2;586
2/4/2024;2023-24;Saudi Pro League;26;Al-Nassr;Abha;A;W;8-0;585;3;585
30/3/2024;2023-24;Saudi Pro League;25;Al-Nassr;Al-Taee;H;W;5-1;584;3;584
15/3/2024;2023-24;Saudi Pro League;24;Al-Nassr;Al-Ahli;A;W;1-0;583;1;583
11/3/2024;2023-24;AFC Champions League;1/4;Al-Nassr;Al-Ain;H;W;4-3;582;1;582
25/2/2024;2023-24;Saudi Pro League;21;Al-Nassr;Al-Shabab;A;W;3-2;581;1;581
21/2/2024;2023-24;AFC Champions League;1/8;Al-Nassr;Al-Fayha;H;W;2-0;580;1;580
17/2/2024;2023-24;Saudi Pro League;20;Al-Nassr;Al-Fateh;H;W;2-1;579;1;579
14/2/2024;2023-24;AFC Champions League;1/8;Al-Nassr;Al-Fayha;A;W;1-0;578;1;578
30/12/2023;2023-24;Saudi Pro League;19;Al-Nassr;Al-Taawon;A;W;4-1;577;1;577
26/12/2023;2023-24;Saudi Pro League;17;Al-Nassr;Al-Ittihad;A;W;5-2;576;2;576
22/12/2023;2023-24;Saudi Pro League;18;Al-Nassr;Al-Ettifaq;H;W;3-1;575;1;575
11/12/2023;2023-24;King Cup;1/4;Al-Nassr;Al-Shabab;A;W;5-2;574;1;574
8/12/2023;2023-24;Saudi Pro League;16;Al-Nassr;Al-Riyadh;H;W;4-1;573;1;573
24/11/2023;2023-24;Saudi Pro League;14;Al-Nassr;Al-Akhdoud;H;W;3-0;572;2;572
16/11/2023;2023-24;European Championship - Qualifying;9;Portugal;Liechtenstein;A;W;2-0;571;1;571
11/11/2023;2023-24;Saudi Pro League;13;Al-Nassr;Al-Wehda;A;W;3-1;570;1;570
4/11/2023;2023-24;Saudi Pro League;12;Al-Nassr;Al-Khaleej;H;W;2-0;569;1;569
24/10/2023;2023-24;AFC Champions League;3;Al-Nassr;Al-Duhail;H;W;4-3;568;2;568
21/10/2023;2023-24;Saudi Pro League;10;Al-Nassr;Damac;H;W;2-1;567;1;567
16/10/2023;2023-24;European Championship - Qualifying;8;Portugal;Bosnia Herzegovina;A;W;5-0;566;2;566
13/10/2023;2023-24;European Championship - Qualifying;7;Portugal;Slovakia;H;W;3-2;565;2;565
2/10/2023;2023-24;AFC Champions League;2;Al-Nassr;Istiklol Dushanbe;H;W;3-1;564;1;564
29/9/2023;2023-24;Saudi Pro League;8;Al-Nassr;Al-Taee;A;W;2-1;563;1;563
22/9/2023;2023-24;Saudi Pro League;7;Al-Nassr;Al-Ahli;H;W;4-3;562;2;562
16/9/2023;2023-24;Saudi Pro League;6;Al-Nassr;Al-Raed;A;W;3-1;561;1;561
2/9/2023;2023-24;Saudi Pro League;5;Al-Nassr;Al-Hazem;A;W;5-1;560;1;560
29/8/2023;2023-24;Saudi Pro League;4;Al-Nassr;Al-Shabab;H;W;4-0;559;2;559
25/8/2023;2023-24;Saudi Pro League;3;Al-Nassr;Al-Fateh;A;W;5-0;558;3;558
12/8/2023;2023-24;Arab Club Champions Cup;Final;Al-Nassr;Al-Hilal;N;W;2-1;557;2;557
9/8/2023;2023-24;Arab Club Champions Cup;1/2;Al-Nassr;Al Shorta;N;W;1-0;556;1;556
6/8/2023;2023-24;Arab Club Champions Cup;1/4;Al-Nassr;Raja Casablanca;N;W;3-1;555;1;555
3/8/2023;2023-24;Arab Club Champions Cup;3;Al-Nassr;Zamalek;N;D;1-1;554;1;554
31/7/2023;2023-24;Arab Club Champions Cup;2;Al-Nassr;U. S. Monastirienne;N;W;4-1;553;1;553
20/6/2023;2022-23;European Championship - Qualifying;4;Portugal;Iceland;A;W;1-0;552;1;552
23/5/2023;2022-23;Saudi Pro League;28;Al-Nassr;Al-Shabab;H;W;3-2;551;1;551
16/5/2023;2022-23;Saudi Pro League;27;Al-Nassr;Al-Tai;A;W;2-0;550;1;550
28/4/2023;2022-23;Saudi Pro League;24;Al-Nassr;Al-Raed;H;W;4-0;549;1;549
4/4/2023;2022-23;Saudi Pro League;22;Al-Nassr;Al-Adalah;A;W;5-0;548;2;548
26/3/2023;2022-23;European Championship - Qualifying;2;Portugal;Luxembourg;A;W;6-0;547;2;547
23/3/2023;2022-23;European Championship - Qualifying;1;Portugal;Liechtenstein;H;W;4-0;546;2;546
18/3/2023;2022-23;Saudi Pro League;21;Al-Nassr;Abha;H;W;2-1;545;1;545
25/2/2023;2022-23;Saudi Pro League;18;Al-Nassr;Damac;A;W;3-0;544;3;544
9/2/2023;2022-23;Saudi Pro League;16;Al-Nassr;Al-Wehda;A;W;4-0;543;4;543
3/2/2023;2022-23;Saudi Pro League;15;Al-Nassr;Al-Fateh;A;D;2-2;542;1;542
24/11/2022;2022-23;World Cup - Finals;1;Portugal;Ghana;N;W;3-2;541;1;541
27/10/2022;2022-23;Europa League;5;Manchester United;Sheriff Tiraspol;H;W;3-0;540;1;540
9/10/2022;2022-23;Premier League;10;Manchester United;Everton;A;W;2-1;539;1;539
15/9/2022;2022-23;Europa League;2;Manchester United;Sheriff Tiraspol;A;W;2-0;538;1;538
5/6/2022;2021-22;Nations League;2;Portugal;Switzerland;H;W;4-0;537;2;537
2/5/2022;2021-22;Premier League;35;Manchester United;Brentford;H;W;3-0;536;1;536
28/4/2022;2021-22;Premier League;37;Manchester United;Chelsea;H;D;1-1;535;1;535
23/4/2022;2021-22;Premier League;34;Manchester United;Arsenal;A;L;1-2;534;1;534
16/4/2022;2021-22;Premier League;33;Manchester United;Norwich;H;W;3-2;533;3;533
12/3/2022;2021-22;Premier League;29;Manchester United;Tottenham;H;W;3-2;532;3;532
15/2/2022;2021-22;Premier League;18;Manchester United;Brighton;H;W;2-0;531;1;531
30/12/2021;2021-22;Premier League;20;Manchester United;Burnley;H;W;3-1;530;1;530
11/12/2021;2021-22;Premier League;16;Manchester United;Norwich;A;W;1-0;529;1;529
2/12/2021;2021-22;Premier League;14;Manchester United;Arsenal;H;W;3-2;528;2;528
23/11/2021;2021-22;UEFA Champions League;5;Manchester United;Villarreal;A;W;2-0;527;1;527
2/11/2021;2021-22;UEFA Champions League;4;Manchester United;Atalanta;A;D;2-2;526;2;526
30/10/2021;2021-22;Premier League;10;Manchester United;Tottenham;A;W;3-0;525;1;525
20/10/2021;2021-22;UEFA Champions League;3;Manchester United;Atalanta;H;W;3-2;524;1;524
12/10/2021;2021-22;World Cup - Qualifying;6;Portugal;Luxembourg;H;W;5-0;523;3;523
9/10/2021;2021-22;Friendly;N/A;Portugal;Qatar;H;W;3-0;522;1;522
29/9/2021;2021-22;UEFA Champions League;2;Manchester United;Villarreal;H;W;2-1;521;1;521
19/9/2021;2021-22;Premier League;5;Manchester United;West Ham United;A;W;2-1;520;1;520
14/9/2021;2021-22;UEFA Champions League;1;Manchester United;Young Boys;A;L;1-2;519;1;519
11/9/2021;2021-22;Premier League;4;Manchester United;Newcastle United;H;W;4-1;518;2;518
1/9/2021;2021-22;World Cup - Qualifying;4;Portugal;Ireland;H;W;2-1;517;2;517
23/6/2021;2020-21;European Championship - Finals;3;Portugal;France;N;D;2-2;516;2;516
19/6/2021;2020-21;European Championship - Finals;2;Portugal;Germany;A;L;2-4;515;1;515
15/6/2021;2020-21;European Championship - Finals;1;Portugal;Hungary;A;W;3-0;514;2;514
9/6/2021;2020-21;Friendly;N/A;Portugal;Israel;H;W;4-0;513;1;513
15/5/2021;2020-21;Serie A;37;Juventus;Internazionale;H;W;3-2;512;1;512
12/5/2021;2020-21;Serie A;36;Juventus;Sassuolo;A;W;3-1;511;1;511
2/5/2021;2020-21;Serie A;34;Juventus;Udinese;A;W;2-1;510;2;510
7/4/2021;2020-21;Serie A;3;Juventus;Napoli;H;W;2-1;509;1;509
3/4/2021;2020-21;Serie A;29;Juventus;Torino;A;D;2-2;508;1;508
30/3/2021;2020-21;World Cup - Qualifying;3;Portugal;Luxembourg;A;W;3-1;507;1;507
14/3/2021;2020-21;Serie A;27;Juventus;Cagliari;A;W;3-1;506;3;506
2/3/2021;2020-21;Serie A;25;Juventus;Spezia;H;W;3-0;505;1;505
27/2/2021;2020-21;Serie A;24;Juventus;Verona;A;D;1-1;504;1;504
22/2/2021;2020-21;Serie A;23;Juventus;Crotone;H;W;3-0;503;2;503
6/2/2021;2020-21;Serie A;21;Juventus;Roma;H;W;2-0;502;1;502
2/2/2021;2020-21;Coppa Italia;1/2;Juventus;Internazionale;A;W;2-1;501;2;501
20/1/2021;2020-21;Supercoppa Italiana;Final;Juventus;Napoli;N;W;2-0;500;1;500
10/1/2021;2020-21;Serie A;17;Juventus;Sassuolo;H;W;3-1;499;1;499
3/1/2021;2020-21;Serie A;15;Juventus;Udinese;H;W;4-1;498;2;498
19/12/2020;2020-21;Serie A;13;Juventus;Parma;A;W;4-0;497;2;497
13/12/2020;2020-21;Serie A;11;Juventus;Genoa;A;W;3-1;496;2;496
8/12/2020;2020-21;UEFA Champions League;6;Juventus;Barcelona;A;W;3-0;495;2;495
2/12/2020;2020-21;UEFA Champions League;5;Juventus;Dynamo Kyiv;H;W;3-0;494;1;494
24/11/2020;2020-21;UEFA Champions League;4;Juventus;Ferencvárosi;H;W;2-1;493;1;493
21/11/2020;2020-21;Serie A;8;Juventus;Cagliari;H;W;2-0;492;2;492
11/11/2020;2020-21;Friendly;N/A;Portugal;Andorra;H;W;7-0;491;1;491
8/11/2020;2020-21;Serie A;7;Juventus;Lazio;A;D;1-1;490;1;490
1/11/2020;2020-21;Serie A;6;Juventus;Spezia;A;W;4-1;489;2;489
27/9/2020;2020-21;Serie A;2;Juventus;Roma;A;D;2-2;488;2;488
20/9/2020;2020-21;Serie A;1;Juventus;Sampdoria;H;W;3-0;487;1;487
8/9/2020;2020-21;Nations League;2;Portugal;Sweden;A;W;2-0;486;2;486
7/8/2020;2019-20;UEFA Champions League;1/8;Juventus;Olympique Lyonnais;H;W;2-1;485;2;485
26/7/2020;2019-20;Serie A;36;Juventus;Sampdoria;H;W;2-0;484;1;484
20/7/2020;2019-20;Serie A;34;Juventus;Lazio;H;W;2-1;483;2;483
11/7/2020;2019-20;Serie A;32;Juventus;Atalanta;H;D;2-2;482;2;482
7/7/2020;2019-20;Serie A;31;Juventus;AC Milan;A;L;2-4;481;1;481
4/7/2020;2019-20;Serie A;30;Juventus;Torino;H;W;4-1;480;1;480
30/6/2020;2019-20;Serie A;29;Juventus;Genoa;A;W;3-1;479;1;479
26/6/2020;2019-20;Serie A;28;Juventus;Lecce;H;W;4-0;478;1;478
22/6/2020;2019-20;Serie A;27;Juventus;Bologna;A;W;2-0;477;1;477
22/2/2020;2019-20;Serie A;25;Juventus;SPAL;A;W;2-1;476;1;476
13/2/2020;2019-20;Coppa Italia;1/2;Juventus;AC Milan;A;D;1-1;475;1;475
8/2/2020;2019-20;Serie A;23;Juventus;Verona;A;L;1-2;474;1;474
2/2/2020;2019-20;Serie A;22;Juventus;Fiorentina;H;W;3-0;473;2;473
26/1/2020;2019-20;Serie A;21;Juventus;Napoli;A;L;1-2;472;1;472
22/1/2020;2019-20;Coppa Italia;1/4;Juventus;Roma;H;W;3-1;471;1;471
19/1/2020;2019-20;Serie A;20;Juventus;Parma;H;W;2-1;470;2;470
12/1/2020;2019-20;Serie A;19;Juventus;Roma;A;W;2-1;469;1;469
6/1/2020;2019-20;Serie A;18;Juventus;Cagliari;H;W;4-0;468;3;468
18/12/2019;2019-20;Serie A;17;Juventus;Sampdoria;A;W;2-1;467;1;467
15/12/2019;2019-20;Serie A;16;Juventus;Udinese;H;W;3-1;466;2;466
11/12/2019;2019-20;UEFA Champions League;6;Juventus;Bayer Leverkusen;A;W;2-0;465;1;465
7/12/2019;2019-20;Serie A;15;Juventus;Lazio;A;L;1-3;464;1;464
1/12/2019;2019-20;Serie A;14;Juventus;Sassuolo;H;D;2-2;463;1;463
17/11/2019;2019-20;European Championship - Qualifying;8;Portugal;Luxembourg;A;W;2-0;462;1;462
14/11/2019;2019-20;European Championship - Qualifying;7;Portugal;Lithuania;H;W;6-0;461;3;461
30/10/2019;2019-20;Serie A;10;Juventus;Genoa;H;W;2-1;460;1;460
19/10/2019;2019-20;Serie A;8;Juventus;Bologna;H;W;2-1;459;1;459
14/10/2019;2019-20;European Championship - Qualifying;6;Portugal;Ukraine;A;L;1-2;458;1;458
11/10/2019;2019-20;European Championship - Qualifying;5;Portugal;Luxembourg;H;W;2-0;457;1;457
1/10/2019;2019-20;UEFA Champions League;2;Juventus;Bayer Leverkusen;H;W;3-0;456;1;456
28/9/2019;2019-20;Serie A;6;Juventus;SPAL;H;W;2-0;455;1;455
21/9/2019;2019-20;Serie A;4;Juventus;Verona;H;W;2-1;454;1;454
10/9/2019;2019-20;European Championship - Qualifying;4;Portugal;Lithuania;A;W;5-1;453;4;453
7/9/2019;2019-20;European Championship - Qualifying;3;Portugal;Serbia;A;W;4-2;452;1;452
31/8/2019;2019-20;Serie A;2;Juventus;Napoli;H;W;4-3;451;1;451
5/6/2019;2018-19;Nations League;1/2;Portugal;Switzerland;H;W;3-1;450;3;450
3/5/2019;2018-19;Serie A;35;Juventus;Torino;H;D;1-1;449;1;449
27/4/2019;2018-19;Serie A;34;Juventus;Internazionale;A;D;1-1;448;1;448
16/4/2019;2018-19;UEFA Champions League;1/4;Juventus;Ajax;H;L;1-2;447;1;447
10/4/2019;2018-19;UEFA Champions League;1/4;Juventus;Ajax;A;D;1-1;446;1;446
12/3/2019;2018-19;UEFA Champions League;1/8;Juventus;Atlético de Madrid;H;W;3-0;445;3;445
15/2/2019;2018-19;Serie A;24;Juventus;Frosinone;H;W;3-0;444;1;444
10/2/2019;2018-19;Serie A;23;Juventus;Sassuolo;A;W;3-0;443;1;443
2/2/2019;2018-19;Serie A;22;Juventus;Parma;H;D;3-3;442;2;442
27/1/2019;2018-19;Serie A;21;Juventus;Lazio;A;W;2-1;441;1;441
16/1/2019;2018-19;Supercoppa Italiana;Final;Juventus;AC Milan;N;W;1-0;440;1;440
29/12/2018;2018-19;Serie A;19;Juventus;Sampdoria;H;W;2-1;439;2;439
26/12/2018;2018-19;Serie A;18;Juventus;Atalanta;A;D;2-2;438;1;438
15/12/2018;2018-19;Serie A;16;Juventus;Torino;A;W;1-0;437;1;437
1/12/2018;2018-19;Serie A;14;Juventus;Fiorentina;A;W;3-0;436;1;436
24/11/2018;2018-19;Serie A;13;Juventus;SPAL;H;W;2-0;435;1;435
11/11/2018;2018-19;Serie A;12;Juventus;AC Milan;A;W;2-0;434;1;434
7/11/2018;2018-19;UEFA Champions League;4;Juventus;Manchester United;H;L;1-2;433;1;433
27/10/2018;2018-19;Serie A;10;Juventus;Empoli;A;W;2-1;432;2;432
20/10/2018;2018-19;Serie A;9;Juventus;Genoa;H;D;1-1;431;1;431
6/10/2018;2018-19;Serie A;8;Juventus;Udinese;A;W;2-0;430;1;430
23/9/2018;2018-19;Serie A;5;Juventus;Frosinone;A;W;2-0;429;1;429
16/9/2018;2018-19;Serie A;4;Juventus;Sassuolo;H;W;2-1;428;2;428
20/6/2018;2017-18;World Cup - Finals;2;Portugal;Morocco;N;W;1-0;427;1;427
15/6/2018;2017-18;World Cup - Finals;1;Portugal;Spain;N;D;3-3;426;3;426
19/5/2018;2017-18;La Liga;38;Real Madrid;Villarreal;A;D;2-2;425;1;425
6/5/2018;2017-18;La Liga;36;Real Madrid;Barcelona;A;D;2-2;424;1;424
18/4/2018;2017-18;La Liga;33;Real Madrid;Athletic Bilbao;H;D;1-1;423;1;423
11/4/2018;2017-18;UEFA Champions League;1/4;Real Madrid;Juventus;H;L;1-3;422;1;422
8/4/2018;2017-18;La Liga;31;Real Madrid;Atlético de Madrid;H;D;1-1;421;1;421
3/4/2018;2017-18;UEFA Champions League;1/4;Real Madrid;Juventus;A;W;3-0;420;2;420
23/3/2018;2017-18;Friendly;N/A;Portugal;Egypt;N;W;2-1;419;2;419
18/3/2018;2017-18;La Liga;29;Real Madrid;Girona;H;W;6-3;418;4;418
10/3/2018;2017-18;La Liga;28;Real Madrid;Eibar;A;W;2-1;417;2;417
6/3/2018;2017-18;UEFA Champions League;1/8;Real Madrid;Paris Saint-Germain;A;W;2-1;416;1;416
3/3/2018;2017-18;La Liga;27;Real Madrid;Getafe;H;W;3-1;415;2;415
24/2/2018;2017-18;La Liga;25;Real Madrid;Alavés;H;W;4-0;414;2;414
18/2/2018;2017-18;La Liga;24;Real Madrid;Real Betis;A;W;5-3;413;1;413
14/2/2018;2017-18;UEFA Champions League;1/8;Real Madrid;Paris Saint-Germain;H;W;3-1;412;2;412
10/2/2018;2017-18;La Liga;23;Real Madrid;Real Sociedad;H;W;5-2;411;3;411
27/1/2018;2017-18;La Liga;21;Real Madrid;Valencia;A;W;4-1;410;2;410
21/1/2018;2017-18;La Liga;20;Real Madrid;Deportivo La Coruña;H;W;7-1;409;2;409
16/12/2017;2017-18;Club World Cup;Final;Real Madrid;Grêmio;N;W;1-0;408;1;408
13/12/2017;2017-18;Club World Cup;1/2;Real Madrid;Al-Jazira;A;W;2-1;407;1;407
9/12/2017;2017-18;La Liga;15;Real Madrid;Sevilla;H;W;5-0;406;2;406
6/12/2017;2017-18;UEFA Champions League;6;Real Madrid;Borussia Dortmund;H;W;3-2;405;1;405
25/11/2017;2017-18;La Liga;13;Real Madrid;Málaga;H;W;3-2;404;1;404
21/11/2017;2017-18;UEFA Champions League;5;Real Madrid;APOEL;A;W;6-0;403;2;403
1/11/2017;2017-18;UEFA Champions League;4;Real Madrid;Tottenham;A;L;1-3;402;1;402
17/10/2017;2017-18;UEFA Champions League;3;Real Madrid;Tottenham;H;D;1-1;401;1;401
14/10/2017;2017-18;La Liga;8;Real Madrid;Getafe;A;W;2-1;400;1;400
7/10/2017;2017-18;World Cup - Qualifying;9;Portugal;Andorra;A;W;2-0;399;1;399
26/9/2017;2017-18;UEFA Champions League;2;Real Madrid;Borussia Dortmund;A;W;3-1;398;2;398
13/9/2017;2017-18;UEFA Champions League;1;Real Madrid;APOEL;H;W;3-0;397;2;397
31/8/2017;2017-18;World Cup - Qualifying;7;Portugal;Faroe Islands;H;W;5-1;396;3;396
13/8/2017;2017-18;Supercopa de España;Final;Real Madrid;Barcelona;A;W;3-1;395;1;395
24/6/2017;2016-17;Confederations Cup;3;Portugal;New Zealand;N;W;4-0;394;1;394
21/6/2017;2016-17;Confederations Cup;2;Portugal;Russia;A;W;1-0;393;1;393
9/6/2017;2016-17;World Cup - Qualifying;6;Portugal;Latvia;A;W;3-0;392;2;392
3/6/2017;2016-17;UEFA Champions League;Final;Real Madrid;Juventus;N;W;4-1;391;2;391
21/5/2017;2016-17;La Liga;38;Real Madrid;Málaga;A;W;2-0;390;1;390
17/5/2017;2016-17;La Liga;21;Real Madrid;Celta de Vigo;A;W;4-1;389;2;389
14/5/2017;2016-17;La Liga;37;Real Madrid;Sevilla;H;W;4-1;388;2;388
2/5/2017;2016-17;UEFA Champions League;1/2;Real Madrid;Atlético de Madrid;H;W;3-0;387;3;387
29/4/2017;2016-17;La Liga;35;Real Madrid;Valencia;H;W;2-1;386;1;386
18/4/2017;2016-17;UEFA Champions League;1/4;Real Madrid;Bayern München;H;W;4-2;385;3;385
12/4/2017;2016-17;UEFA Champions League;1/4;Real Madrid;Bayern München;A;W;2-1;384;2;384
28/3/2017;2016-17;Friendly;N/A;Portugal;Sweden;H;L;2-3;383;1;383
25/3/2017;2016-17;World Cup - Qualifying;5;Portugal;Hungary;H;W;3-0;382;2;382
12/3/2017;2016-17;La Liga;27;Real Madrid;Real Betis;H;W;2-1;381;1;381
1/3/2017;2016-17;La Liga;25;Real Madrid;Las Palmas;H;D;3-3;380;2;380
26/2/2017;2016-17;La Liga;24;Real Madrid;Villarreal;A;W;3-2;379;1;379
22/2/2017;2016-17;La Liga;16;Real Madrid;Valencia;A;L;1-2;378;1;378
11/2/2017;2016-17;La Liga;22;Real Madrid;Osasuna;A;W;3-1;377;1;377
29/1/2017;2016-17;La Liga;20;Real Madrid;Real Sociedad;H;W;3-0;376;1;376
25/1/2017;2016-17;Copa del Rey;1/4;Real Madrid;Celta de Vigo;A;D;2-2;375;1;375
15/1/2017;2016-17;La Liga;18;Real Madrid;Sevilla;A;L;1-2;374;1;374
7/1/2017;2016-17;La Liga;17;Real Madrid;Granada;H;W;5-0;373;1;373
18/12/2016;2016-17;Club World Cup;Final;Real Madrid;Kashima Anthlers;N;W;4-2;372;3;372
15/12/2016;2016-17;Club World Cup;1/2;Real Madrid;América;N;W;2-0;371;1;371
26/11/2016;2016-17;La Liga;13;Real Madrid;Sporting Gijón;H;W;2-1;370;2;370
19/11/2016;2016-17;La Liga;12;Real Madrid;Atlético de Madrid;A;W;3-0;369;3;369
13/11/2016;2016-17;World Cup - Qualifying;4;Portugal;Latvia;H;W;4-1;368;2;368
29/10/2016;2016-17;La Liga;10;Real Madrid;Alavés;A;W;4-1;367;3;367
15/10/2016;2016-17;La Liga;8;Real Madrid;Real Betis;A;W;6-1;366;1;366
10/10/2016;2016-17;World Cup - Qualifying;3;Portugal;Faroe Islands;A;W;6-0;365;1;365
7/10/2016;2016-17;World Cup - Qualifying;2;Portugal;Andorra;H;W;6-0;364;4;364
27/9/2016;2016-17;UEFA Champions League;2;Real Madrid;Borussia Dortmund;A;D;2-2;363;1;363
14/9/2016;2016-17;UEFA Champions League;1;Real Madrid;Sporting;H;W;2-1;362;1;362
10/9/2016;2016-17;La Liga;3;Real Madrid;Osasuna;H;W;5-2;361;1;361
6/7/2016;2015-16;European Championship - Finals;1/2;Portugal;Wales;N;W;2-0;360;1;360
22/6/2016;2015-16;European Championship - Finals;3;Portugal;Hungary;N;D;3-3;359;2;359
8/6/2016;2015-16;Friendly;N/A;Portugal;Estonia;H;W;7-0;358;2;358
14/5/2016;2015-16;La Liga;38;Real Madrid;Deportivo La Coruña;A;W;2-0;357;2;357
8/5/2016;2015-16;La Liga;37;Real Madrid;Valencia;H;W;3-2;356;2;356
16/4/2016;2015-16;La Liga;33;Real Madrid;Getafe;A;W;5-1;355;1;355
12/4/2016;2015-16;UEFA Champions League;1/4;Real Madrid;Wolfsburg;H;W;3-0;354;3;354
9/4/2016;2015-16;La Liga;32;Real Madrid;Eibar;H;W;4-0;353;1;353
2/4/2016;2015-16;La Liga;31;Real Madrid;Barcelona;A;W;2-1;352;1;352
29/3/2016;2015-16;Friendly;N/A;Portugal;Belgium;H;W;2-1;351;1;351
20/3/2016;2015-16;La Liga;30;Real Madrid;Sevilla;H;W;4-0;350;1;350
8/3/2016;2015-16;UEFA Champions League;1/8;Real Madrid;Roma;H;W;2-0;349;1;349
5/3/2016;2015-16;La Liga;28;Real Madrid;Celta de Vigo;H;W;7-1;348;4;348
2/3/2016;2015-16;La Liga;27;Real Madrid;Levante;A;W;3-1;347;1;347
21/2/2016;2015-16;La Liga;25;Real Madrid;Málaga;A;D;1-1;346;1;346
17/2/2016;2015-16;UEFA Champions League;1/8;Real Madrid;Roma;A;W;2-0;345;1;345
13/2/2016;2015-16;La Liga;24;Real Madrid;Athletic Bilbao;H;W;4-2;344;2;344
31/1/2016;2015-16;La Liga;22;Real Madrid;Espanyol;H;W;6-0;343;3;343
17/1/2016;2015-16;La Liga;20;Real Madrid;Sporting Gijón;H;W;5-1;342;2;342
30/12/2015;2015-16;La Liga;17;Real Madrid;Real Sociedad;H;W;3-1;341;2;341
20/12/2015;2015-16;La Liga;16;Real Madrid;Rayo Vallecano;H;W;10-2;340;2;340
8/12/2015;2015-16;UEFA Champions League;6;Real Madrid;Malmö;H;W;8-0;339;4;339
5/12/2015;2015-16;La Liga;14;Real Madrid;Getafe;H;W;4-1;338;1;338
29/11/2015;2015-16;La Liga;13;Real Madrid;Eibar;A;W;2-0;337;1;337
25/11/2015;2015-16;UEFA Champions League;5;Real Madrid;Shakhtar Donetsk;A;W;4-3;336;2;336
31/10/2015;2015-16;La Liga;10;Real Madrid;Las Palmas;H;W;3-1;335;1;335
24/10/2015;2015-16;La Liga;9;Real Madrid;Celta de Vigo;A;W;3-1;334;1;334
17/10/2015;2015-16;La Liga;8;Real Madrid;Levante;H;W;3-0;333;1;333
30/9/2015;2015-16;UEFA Champions League;2;Real Madrid;Malmö;A;W;2-0;332;2;332
15/9/2015;2015-16;UEFA Champions League;1;Real Madrid;Shakhtar Donetsk;H;W;4-0;331;3;331
12/9/2015;2015-16;La Liga;3;Real Madrid;Espanyol;A;W;6-0;330;5;330
13/6/2015;2014-15;European Championship - Qualifying;5;Portugal;Armenia;A;W;3-2;329;3;329
23/5/2015;2014-15;La Liga;38;Real Madrid;Getafe;H;W;7-3;328;3;328
17/5/2015;2014-15;La Liga;37;Real Madrid;Espanyol;A;W;4-1;327;3;327
13/5/2015;2014-15;UEFA Champions League;1/2;Real Madrid;Juventus;H;D;1-1;326;1;326
5/5/2015;2014-15;UEFA Champions League;1/2;Real Madrid;Juventus;A;L;1-2;325;1;325
2/5/2015;2014-15;La Liga;35;Real Madrid;Sevilla;A;W;3-2;324;3;324
18/4/2015;2014-15;La Liga;32;Real Madrid;Málaga;H;W;3-1;323;1;323
11/4/2015;2014-15;La Liga;31;Real Madrid;Eibar;H;W;3-0;322;1;322
8/4/2015;2014-15;La Liga;30;Real Madrid;Rayo Vallecano;A;W;2-0;321;1;321
5/4/2015;2014-15;La Liga;29;Real Madrid;Granada;H;W;9-1;320;5;320
22/3/2015;2014-15;La Liga;28;Real Madrid;Barcelona;A;L;1-2;319;1;319
10/3/2015;2014-15;UEFA Champions League;1/8;Real Madrid;Schalke 04;H;L;3-4;318;2;318
1/3/2015;2014-15;La Liga;25;Real Madrid;Villarreal;H;D;1-1;317;1;317
22/2/2015;2014-15;La Liga;24;Real Madrid;Elche;A;W;2-0;316;1;316
18/2/2015;2014-15;UEFA Champions League;1/8;Real Madrid;Schalke 04;A;W;2-0;315;1;315
18/1/2015;2014-15;La Liga;19;Real Madrid;Getafe;A;W;3-0;314;2;314
15/1/2015;2014-15;Copa del Rey;1/8;Real Madrid;Atlético de Madrid;H;D;2-2;313;1;313
4/1/2015;2014-15;La Liga;17;Real Madrid;Valencia;A;L;1-2;312;1;312
12/12/2014;2014-15;La Liga;15;Real Madrid;Almería;A;W;4-1;311;2;311
9/12/2014;2014-15;UEFA Champions League;6;Real Madrid;Ludogorets;H;W;4-0;310;1;310
6/12/2014;2014-15;La Liga;14;Real Madrid;Celta de Vigo;H;W;3-0;309;3;309
26/11/2014;2014-15;UEFA Champions League;5;Real Madrid;Basel;A;W;1-0;308;1;308
22/11/2014;2014-15;La Liga;12;Real Madrid;Eibar;A;W;4-0;307;2;307
14/11/2014;2014-15;European Championship - Qualifying;3;Portugal;Armenia;H;W;1-0;306;1;306
8/11/2014;2014-15;La Liga;11;Real Madrid;Rayo Vallecano;H;W;5-1;305;1;305
1/11/2014;2014-15;La Liga;10;Real Madrid;Granada;A;W;4-0;304;1;304
25/10/2014;2014-15;La Liga;9;Real Madrid;Barcelona;H;W;3-1;303;1;303
22/10/2014;2014-15;UEFA Champions League;3;Real Madrid;Liverpool;A;W;3-0;302;1;302
18/10/2014;2014-15;La Liga;8;Real Madrid;Levante;A;W;5-0;301;2;301
14/10/2014;2014-15;European Championship - Qualifying;2;Portugal;Denmark;A;W;1-0;300;1;300
5/10/2014;2014-15;La Liga;7;Real Madrid;Athletic Bilbao;H;W;5-0;299;3;299
1/10/2014;2014-15;UEFA Champions League;2;Real Madrid;Ludogorets;A;W;2-1;298;1;298
27/9/2014;2014-15;La Liga;6;Real Madrid;Villarreal;A;W;2-0;297;1;297
23/9/2014;2014-15;La Liga;5;Real Madrid;Elche;H;W;5-1;296;4;296
20/9/2014;2014-15;La Liga;4;Real Madrid;Deportivo La Coruña;A;W;8-2;295;3;295
16/9/2014;2014-15;UEFA Champions League;1;Real Madrid;Basel;H;W;5-1;294;1;294
13/9/2014;2014-15;La Liga;3;Real Madrid;Atlético de Madrid;H;L;1-2;293;1;293
25/8/2014;2014-15;La Liga;1;Real Madrid;Córdoba;H;W;2-0;292;1;292
12/8/2014;2014-15;European Super Cup;Final;Real Madrid;Sevilla;N;W;2-0;291;2;291
26/6/2014;2013-14;World Cup - Finals;3;Portugal;Ghana;N;W;2-1;290;1;290
24/5/2014;2013-14;UEFA Champions League;Final;Real Madrid;Atlético de Madrid;N;W;4-1;289;1;289
3/5/2014;2013-14;La Liga;36;Real Madrid;Valencia;H;D;2-2;288;1;288
29/4/2014;2013-14;UEFA Champions League;1/2;Real Madrid;Bayern München;A;W;4-0;287;2;287
26/4/2014;2013-14;La Liga;35;Real Madrid;Osasuna;H;W;4-0;286;2;286
2/4/2014;2013-14;UEFA Champions League;1/4;Real Madrid;Borussia Dortmund;H;W;3-0;285;1;285
29/3/2014;2013-14;La Liga;31;Real Madrid;Rayo Vallecano;H;W;5-0;284;1;284
26/3/2014;2013-14;La Liga;30;Real Madrid;Sevilla;A;L;1-2;283;1;283
23/3/2014;2013-14;La Liga;29;Real Madrid;Barcelona;H;L;3-4;282;1;282
18/3/2014;2013-14;UEFA Champions League;1/8;Real Madrid;Schalke 04;H;W;3-1;281;2;281
15/3/2014;2013-14;La Liga;28;Real Madrid;Málaga;A;W;1-0;280;1;280
9/3/2014;2013-14;La Liga;27;Real Madrid;Levante;H;W;3-0;279;1;279
5/3/2014;2013-14;Friendly;N/A;Portugal;Cameroon;H;W;5-1;278;2;278
2/3/2014;2013-14;La Liga;26;Real Madrid;Atlético de Madrid;A;D;2-2;277;1;277
26/2/2014;2013-14;UEFA Champions League;1/8;Real Madrid;Schalke 04;A;W;6-1;276;2;276
11/2/2014;2013-14;Copa del Rey;1/2;Real Madrid;Atlético de Madrid;A;W;2-0;275;2;275
25/1/2014;2013-14;La Liga;21;Real Madrid;Granada;H;W;2-0;274;1;274
18/1/2014;2013-14;La Liga;20;Real Madrid;Real Betis;A;W;5-0;273;1;273
15/1/2014;2013-14;Copa del Rey;1/8;Real Madrid;Osasuna;A;W;2-0;272;1;272
6/1/2014;2013-14;La Liga;18;Real Madrid;Celta de Vigo;H;W;3-0;271;2;271
23/12/2013;2013-14;La Liga;17;Real Madrid;Valencia;A;W;3-2;270;1;270
10/12/2013;2013-14;UEFA Champions League;6;Real Madrid;København;A;W;2-0;269;1;269
23/11/2013;2013-14;La Liga;14;Real Madrid;Almería;A;W;5-0;268;1;268
19/11/2013;2013-14;World Cup - Qualifying;Play-off;Portugal;Sweden;A;W;3-2;267;3;267
15/11/2013;2013-14;World Cup - Qualifying;Play-off;Portugal;Sweden;H;W;1-0;266;1;266
9/11/2013;2013-14;La Liga;13;Real Madrid;Real Sociedad;H;W;5-1;265;3;265
5/11/2013;2013-14;UEFA Champions League;4;Real Madrid;Juventus;A;D;2-2;264;1;264
2/11/2013;2013-14;La Liga;12;Real Madrid;Rayo Vallecano;A;W;3-2;263;2;263
30/10/2013;2013-14;La Liga;11;Real Madrid;Sevilla;H;W;7-3;262;3;262
23/10/2013;2013-14;UEFA Champions League;3;Real Madrid;Juventus;H;W;2-1;261;2;261
19/10/2013;2013-14;La Liga;9;Real Madrid;Málaga;H;W;2-0;260;1;260
5/10/2013;2013-14;La Liga;8;Real Madrid;Levante;A;W;3-2;259;1;259
2/10/2013;2013-14;UEFA Champions League;2;Real Madrid;København;H;W;4-0;258;2;258
25/9/2013;2013-14;La Liga;6;Real Madrid;Elche;A;W;2-1;257;2;257
22/9/2013;2013-14;La Liga;5;Real Madrid;Getafe;H;W;4-1;256;2;256
17/9/2013;2013-14;UEFA Champions League;1;Real Madrid;Galatasaray;A;W;6-1;255;3;255
14/9/2013;2013-14;La Liga;4;Real Madrid;Villarreal;A;D;2-2;254;1;254
6/9/2013;2013-14;World Cup - Qualifying;8;Portugal;Northern Ireland;A;W;4-2;253;3;253
1/9/2013;2013-14;La Liga;3;Real Madrid;Athletic Bilbao;H;W;3-1;252;1;252
14/8/2013;2013-14;Friendly;N/A;Portugal;Netherlands;H;D;1-1;251;1;251
10/6/2013;2012-13;Friendly;N/A;Portugal;Croatia;N;W;1-0;250;1;250
17/5/2013;2012-13;Copa del Rey;Final;Real Madrid;Atlético de Madrid;H;L;1-2;249;1;249
8/5/2013;2012-13;La Liga;36;Real Madrid;Málaga;H;W;6-2;248;1;248
4/5/2013;2012-13;La Liga;34;Real Madrid;Valladolid;H;W;4-3;247;2;247
24/4/2013;2012-13;UEFA Champions League;1/2;Real Madrid;Borussia Dortmund;A;L;1-4;246;1;246
14/4/2013;2012-13;La Liga;31;Real Madrid;Athletic Bilbao;A;W;3-0;245;2;245
9/4/2013;2012-13;UEFA Champions League;1/4;Real Madrid;Galatasaray;A;L;2-3;244;2;244
6/4/2013;2012-13;La Liga;30;Real Madrid;Levante;H;W;5-1;243;1;243
3/4/2013;2012-13;UEFA Champions League;1/4;Real Madrid;Galatasaray;H;W;3-0;242;1;242
30/3/2013;2012-13;La Liga;29;Real Madrid;Zaragoza;A;D;1-1;241;1;241
16/3/2013;2012-13;La Liga;28;Real Madrid;Mallorca;H;W;5-2;240;1;240
10/3/2013;2012-13;La Liga;27;Real Madrid;Celta de Vigo;A;W;2-1;239;2;239
5/3/2013;2012-13;UEFA Champions League;1/8;Real Madrid;Manchester United;A;W;2-1;238;1;238
26/2/2013;2012-13;Copa del Rey;1/2;Real Madrid;Barcelona;A;W;3-1;237;2;237
13/2/2013;2012-13;UEFA Champions League;1/8;Real Madrid;Manchester United;H;D;1-1;236;1;236
9/2/2013;2012-13;La Liga;23;Real Madrid;Sevilla;H;W;4-1;235;3;235
6/2/2013;2012-13;Friendly;N/A;Portugal;Ecuador;H;L;2-3;234;1;234
27/1/2013;2012-13;La Liga;21;Real Madrid;Getafe;H;W;4-0;233;3;233
20/1/2013;2012-13;La Liga;20;Real Madrid;Valencia;A;W;5-0;232;2;232
9/1/2013;2012-13;Copa del Rey;1/8;Real Madrid;Celta de Vigo;H;W;4-0;231;3;231
6/1/2013;2012-13;La Liga;18;Real Madrid;Real Sociedad;H;W;4-3;230;2;230
16/12/2012;2012-13;La Liga;16;Real Madrid;Espanyol;H;D;2-2;229;1;229
12/12/2012;2012-13;Copa del Rey;1/8;Real Madrid;Celta de Vigo;A;L;1-2;228;1;228
4/12/2012;2012-13;UEFA Champions League;6;Real Madrid;Ajax;H;W;4-1;227;1;227
1/12/2012;2012-13;La Liga;14;Real Madrid;Atlético de Madrid;H;W;2-0;226;1;226
11/11/2012;2012-13;La Liga;11;Real Madrid;Levante;A;W;2-1;225;1;225
28/10/2012;2012-13;La Liga;9;Real Madrid;Mallorca;A;W;5-0;224;2;224
24/10/2012;2012-13;UEFA Champions League;3;Real Madrid;Borussia Dortmund;A;L;1-2;223;1;223
20/10/2012;2012-13;La Liga;8;Real Madrid;Celta de Vigo;H;W;2-0;222;1;222
7/10/2012;2012-13;La Liga;7;Real Madrid;Barcelona;A;D;2-2;221;2;221
3/10/2012;2012-13;UEFA Champions League;2;Real Madrid;Ajax;A;W;4-1;220;3;220
30/9/2012;2012-13;La Liga;6;Real Madrid;Deportivo La Coruña;H;W;5-1;219;3;219
24/9/2012;2012-13;La Liga;5;Real Madrid;Rayo Vallecano;A;W;2-0;218;1;218
18/9/2012;2012-13;UEFA Champions League;1;Real Madrid;Manchester City;H;W;3-2;217;1;217
7/9/2012;2012-13;World Cup - Qualifying;1;Portugal;Luxembourg;A;W;2-1;216;1;216
2/9/2012;2012-13;La Liga;3;Real Madrid;Granada;H;W;3-0;215;2;215
29/8/2012;2012-13;Supercopa de España;Final;Real Madrid;Barcelona;H;W;2-1;214;1;214
23/8/2012;2012-13;Supercopa de España;Final;Real Madrid;Barcelona;A;L;2-3;213;1;213
15/8/2012;2012-13;Friendly;N/A;Portugal;Panama;H;W;2-0;212;1;212
21/6/2012;2011-12;European Championship - Finals;1/4;Portugal;Czech Republic;N;W;1-0;211;1;211
17/6/2012;2011-12;European Championship - Finals;3;Portugal;Netherlands;N;W;2-1;210;2;210
13/5/2012;2011-12;La Liga;38;Real Madrid;Mallorca;H;W;4-1;209;1;209
5/5/2012;2011-12;La Liga;37;Real Madrid;Granada;A;W;2-1;208;1;208
2/5/2012;2011-12;La Liga;20;Real Madrid;Athletic Bilbao;A;W;3-0;207;1;207
29/4/2012;2011-12;La Liga;36;Real Madrid;Sevilla;H;W;3-0;206;1;206
25/4/2012;2011-12;UEFA Champions League;1/2;Real Madrid;Bayern München;H;W;2-1;205;2;205
21/4/2012;2011-12;La Liga;35;Real Madrid;Barcelona;A;W;2-1;204;1;204
14/4/2012;2011-12;La Liga;34;Real Madrid;Sporting Gijón;H;W;3-1;203;1;203
11/4/2012;2011-12;La Liga;33;Real Madrid;Atlético de Madrid;A;W;4-1;202;3;202
4/4/2012;2011-12;UEFA Champions League;1/4;Real Madrid;APOEL;H;W;5-2;201;2;201
31/3/2012;2011-12;La Liga;31;Real Madrid;Osasuna;A;W;5-1;200;2;200
24/3/2012;2011-12;La Liga;30;Real Madrid;Real Sociedad;H;W;5-1;199;2;199
21/3/2012;2011-12;La Liga;29;Real Madrid;Villarreal;A;D;1-1;198;1;198
14/3/2012;2011-12;UEFA Champions League;1/8;Real Madrid;CSKA Moskva;H;W;4-1;197;2;197
10/3/2012;2011-12;La Liga;27;Real Madrid;Real Betis;A;W;3-2;196;2;196
4/3/2012;2011-12;La Liga;26;Real Madrid;Espanyol;H;W;5-0;195;1;195
26/2/2012;2011-12;La Liga;25;Real Madrid;Rayo Vallecano;A;W;1-0;194;1;194
21/2/2012;2011-12;UEFA Champions League;1/8;Real Madrid;CSKA Moskva;A;D;1-1;193;1;193
18/2/2012;2011-12;La Liga;24;Real Madrid;Racing Santander;H;W;4-0;192;1;192
12/2/2012;2011-12;La Liga;23;Real Madrid;Levante;H;W;4-2;191;3;191
28/1/2012;2011-12;La Liga;21;Real Madrid;Zaragoza;H;W;3-1;190;1;190
25/1/2012;2011-12;Copa del Rey;1/4;Real Madrid;Barcelona;A;D;2-2;189;1;189
22/1/2012;2011-12;La Liga;1;Real Madrid;Athletic Bilbao;H;W;4-1;188;2;188
18/1/2012;2011-12;Copa del Rey;1/4;Real Madrid;Barcelona;H;L;1-2;187;1;187
7/1/2012;2011-12;La Liga;18;Real Madrid;Granada;H;W;5-1;186;1;186
17/12/2011;2011-12;La Liga;17;Real Madrid;Sevilla;A;W;6-2;185;3;185
13/12/2011;2011-12;Copa del Rey;1/16;Real Madrid;Ponferradina;A;W;2-0;184;1;184
3/12/2011;2011-12;La Liga;15;Real Madrid;Sporting Gijón;A;W;3-0;183;1;183
26/11/2011;2011-12;La Liga;14;Real Madrid;Atlético de Madrid;H;W;4-1;182;2;182
19/11/2011;2011-12;La Liga;13;Real Madrid;Valencia;A;W;3-2;181;1;181
15/11/2011;2011-12;European Championship - Qualifying;Play-off;Portugal;Bosnia Herzegovina;H;W;6-2;180;2;180
6/11/2011;2011-12;La Liga;12;Real Madrid;Osasuna;H;W;7-1;179;3;179
2/11/2011;2011-12;UEFA Champions League;4;Real Madrid;Olympique Lyonnais;A;W;2-0;178;2;178
22/10/2011;2011-12;La Liga;9;Real Madrid;Málaga;A;W;4-0;177;3;177
11/10/2011;2011-12;European Championship - Qualifying;8;Portugal;Denmark;A;L;1-2;176;1;176
27/9/2011;2011-12;UEFA Champions League;2;Real Madrid;Ajax;H;W;3-0;175;1;175
24/9/2011;2011-12;La Liga;6;Real Madrid;Rayo Vallecano;H;W;6-2;174;3;174
10/9/2011;2011-12;La Liga;3;Real Madrid;Getafe;H;W;4-2;173;1;173
2/9/2011;2011-12;European Championship - Qualifying;6;Portugal;Cyprus;A;W;4-0;172;2;172
28/8/2011;2011-12;La Liga;2;Real Madrid;Zaragoza;A;W;6-0;171;3;171
17/8/2011;2011-12;Supercopa de España;Final;Real Madrid;Barcelona;A;L;2-3;170;1;170
10/8/2011;2011-12;Friendly;N/A;Portugal;Luxembourg;H;W;5-0;169;1;169
21/5/2011;2010-11;La Liga;38;Real Madrid;Almería;H;W;8-1;168;2;168
15/5/2011;2010-11;La Liga;37;Real Madrid;Villarreal;A;W;3-1;167;2;167
10/5/2011;2010-11;La Liga;36;Real Madrid;Getafe;H;W;4-0;166;3;166
7/5/2011;2010-11;La Liga;35;Real Madrid;Sevilla;A;W;6-2;165;4;165
20/4/2011;2010-11;Copa del Rey;Final;Real Madrid;Barcelona;N;W;1-0;164;1;164
16/4/2011;2010-11;La Liga;32;Real Madrid;Barcelona;H;D;1-1;163;1;163
13/4/2011;2010-11;UEFA Champions League;1/4;Real Madrid;Tottenham;A;W;1-0;162;1;162
9/4/2011;2010-11;La Liga;31;Real Madrid;Athletic Bilbao;A;W;3-0;161;1;161
5/4/2011;2010-11;UEFA Champions League;1/4;Real Madrid;Tottenham;H;W;4-0;160;1;160
3/3/2011;2010-11;La Liga;26;Real Madrid;Málaga;H;W;7-0;159;3;159
9/2/2011;2010-11;Friendly;N/A;Portugal;Argentina;N;L;1-2;158;1;158
6/2/2011;2010-11;La Liga;22;Real Madrid;Real Sociedad;H;W;4-1;157;2;157
20/1/2011;2010-11;Copa del Rey;1/4;Real Madrid;Atlético de Madrid;A;W;1-0;156;1;156
13/1/2011;2010-11;Copa del Rey;1/4;Real Madrid;Atlético de Madrid;H;W;3-1;155;1;155
9/1/2011;2010-11;La Liga;18;Real Madrid;Villarreal;H;W;4-2;154;3;154
3/1/2011;2010-11;La Liga;17;Real Madrid;Getafe;A;W;3-2;153;2;153
22/12/2010;2010-11;Copa del Rey;1/8;Real Madrid;Levante;H;W;8-0;152;3;152
12/12/2010;2010-11;La Liga;15;Real Madrid;Zaragoza;A;W;3-1;151;1;151
8/12/2010;2010-11;UEFA Champions League;6;Real Madrid;Auxerre;H;W;4-0;150;1;150
4/12/2010;2010-11;La Liga;14;Real Madrid;Valencia;H;W;2-0;149;2;149
23/11/2010;2010-11;UEFA Champions League;5;Real Madrid;Ajax;A;W;4-0;148;2;148
20/11/2010;2010-11;La Liga;12;Real Madrid;Athletic Bilbao;H;W;5-1;147;3;147
10/11/2010;2010-11;Copa del Rey;1/16;Real Madrid;Real Murcia;H;W;5-1;146;1;146
30/10/2010;2010-11;La Liga;9;Real Madrid;Hércules;A;W;3-1;145;2;145
23/10/2010;2010-11;La Liga;8;Real Madrid;Racing Santander;H;W;6-1;144;4;144
19/10/2010;2010-11;UEFA Champions League;3;Real Madrid;AC Milan;H;W;2-0;143;1;143
16/10/2010;2010-11;La Liga;7;Real Madrid;Málaga;A;W;4-1;142;2;142
12/10/2010;2010-11;European Championship - Qualifying;4;Portugal;Iceland;A;W;3-1;141;1;141
8/10/2010;2010-11;European Championship - Qualifying;3;Portugal;Denmark;H;W;3-1;140;1;140
3/10/2010;2010-11;La Liga;6;Real Madrid;Deportivo La Coruña;H;W;6-1;139;2;139
21/9/2010;2010-11;La Liga;4;Real Madrid;Espanyol;H;W;3-0;138;1;138
21/6/2010;2009-10;World Cup - Finals;2;Portugal;North Korea;N;W;7-0;137;1;137
8/5/2010;2009-10;La Liga;37;Real Madrid;Athletic Bilbao;H;W;5-1;136;1;136
5/5/2010;2009-10;La Liga;36;Real Madrid;Mallorca;A;W;4-1;135;3;135
2/5/2010;2009-10;La Liga;35;Real Madrid;Osasuna;H;W;3-2;134;2;134
18/4/2010;2009-10;La Liga;33;Real Madrid;Valencia;H;W;2-0;133;1;133
15/4/2010;2009-10;La Liga;32;Real Madrid;Almería;A;W;2-1;132;1;132
4/4/2010;2009-10;La Liga;30;Real Madrid;Racing Santander;A;W;2-0;131;1;131
25/3/2010;2009-10;La Liga;28;Real Madrid;Getafe;A;W;4-2;130;2;130
14/3/2010;2009-10;La Liga;26;Real Madrid;Valladolid;A;W;4-1;129;1;129
10/3/2010;2009-10;UEFA Champions League;1/8;Real Madrid;Olympique Lyonnais;H;D;1-1;128;1;128
6/3/2010;2009-10;La Liga;25;Real Madrid;Sevilla;H;W;3-2;127;1;127
27/2/2010;2009-10;La Liga;24;Real Madrid;Tenerife;A;W;5-1;126;1;126
21/2/2010;2009-10;La Liga;23;Real Madrid;Villarreal;H;W;6-2;125;1;125
13/2/2010;2009-10;La Liga;22;Real Madrid;Xerez;A;W;3-0;124;2;124
24/1/2010;2009-10;La Liga;19;Real Madrid;Málaga;H;W;2-0;123;2;123
19/12/2009;2009-10;La Liga;15;Real Madrid;Zaragoza;H;W;6-0;122;1;122
8/12/2009;2009-10;UEFA Champions League;6;Real Madrid;Olympique Marseille;A;W;3-1;121;2;121
5/12/2009;2009-10;La Liga;13;Real Madrid;Almería;H;W;4-2;120;1;120
30/9/2009;2009-10;UEFA Champions League;2;Real Madrid;Olympique Marseille;H;W;3-0;119;2;119
23/9/2009;2009-10;La Liga;4;Real Madrid;Villarreal;A;W;2-0;118;1;118
20/9/2009;2009-10;La Liga;3;Real Madrid;Xerez;H;W;5-0;117;2;117
15/9/2009;2009-10;UEFA Champions League;1;Real Madrid;FC Zürich;A;W;5-2;116;2;116
12/9/2009;2009-10;La Liga;2;Real Madrid;Espanyol;A;W;3-0;115;1;115
29/8/2009;2009-10;La Liga;1;Real Madrid;Deportivo La Coruña;H;W;3-2;114;1;114
10/5/2009;2008-09;Premier League;36;Manchester United;Manchester City;H;W;2-0;113;1;113
5/5/2009;2008-09;UEFA Champions League;1/2;Manchester United;Arsenal;A;W;3-1;112;2;112
25/4/2009;2008-09;Premier League;34;Manchester United;Tottenham;H;W;5-2;111;2;111
15/4/2009;2008-09;UEFA Champions League;1/4;Manchester United;FC Porto;A;W;1-0;110;1;110
5/4/2009;2008-09;Premier League;31;Manchester United;Aston Villa;H;W;3-2;109;2;109
14/3/2009;2008-09;Premier League;29;Manchester United;Liverpool;H;L;1-4;108;1;108
11/3/2009;2008-09;UEFA Champions League;1/8;Manchester United;Internazionale;H;W;2-0;107;1;107
21/2/2009;2008-09;Premier League;26;Manchester United;Blackburn Rovers;H;W;2-1;106;1;106
15/2/2009;2008-09;FA Cup;1/8;Manchester United;Derby County;A;W;4-1;105;1;105
11/2/2009;2008-09;Friendly;N/A;Portugal;Finland;H;W;1-0;104;1;104
31/1/2009;2008-09;Premier League;24;Manchester United;Everton;H;W;1-0;103;1;103
27/1/2009;2008-09;Premier League;23;Manchester United;West Bromwich Albion;A;W;5-0;102;2;102
20/1/2009;2008-09;Carling Cup;1/2;Manchester United;Derby County;H;W;4-2;101;1;101
18/12/2008;2008-09;Club World Cup;1/2;Manchester United;Gamba Osaka;N;W;5-3;100;1;100
15/11/2008;2008-09;Premier League;13;Manchester United;Stoke City;H;W;5-0;99;2;99
1/11/2008;2008-09;Premier League;11;Manchester United;Hull City;H;W;4-3;98;2;98
29/10/2008;2008-09;Premier League;10;Manchester United;West Ham United;H;W;2-0;97;2;97
18/10/2008;2008-09;Premier League;8;Manchester United;West Bromwich Albion;H;W;4-0;96;1;96
27/9/2008;2008-09;Premier League;6;Manchester United;Bolton;H;W;2-0;95;1;95
23/9/2008;2008-09;Carling Cup;1/16;Manchester United;Middlesbrough;H;W;3-1;94;1;94
11/6/2008;2007-08;European Championship - Finals;2;Portugal;Czech Republic;N;W;3-1;93;1;93
21/5/2008;2007-08;UEFA Champions League;Final;Manchester United;Chelsea;N;D;1-1;92;1;92
11/5/2008;2007-08;Premier League;38;Manchester United;Wigan;A;W;2-0;91;1;91
3/5/2008;2007-08;Premier League;37;Manchester United;West Ham United;H;W;4-1;90;2;90
13/4/2008;2007-08;Premier League;34;Manchester United;Arsenal;H;W;2-1;89;1;89
6/4/2008;2007-08;Premier League;33;Manchester United;Middlesbrough;A;D;2-2;88;1;88
1/4/2008;2007-08;UEFA Champions League;1/4;Manchester United;Roma;A;W;2-0;87;1;87
29/3/2008;2007-08;Premier League;32;Manchester United;Aston Villa;H;W;4-0;86;1;86
23/3/2008;2007-08;Premier League;31;Manchester United;Liverpool;H;W;3-0;85;1;85
19/3/2008;2007-08;Premier League;29;Manchester United;Bolton;H;W;2-0;84;2;84
15/3/2008;2007-08;Premier League;30;Manchester United;Derby County;A;W;1-0;83;1;83
4/3/2008;2007-08;UEFA Champions League;1/8;Manchester United;Olympique Lyonnais;H;W;1-0;82;1;82
23/2/2008;2007-08;Premier League;27;Manchester United;Newcastle United;A;W;5-1;81;2;81
30/1/2008;2007-08;Premier League;24;Manchester United;Portsmouth;H;W;2-0;80;2;80
27/1/2008;2007-08;FA Cup;1/16;Manchester United;Tottenham;H;W;3-1;79;2;79
19/1/2008;2007-08;Premier League;23;Manchester United;Reading;A;W;2-0;78;1;78
12/1/2008;2007-08;Premier League;22;Manchester United;Newcastle United;H;W;6-0;77;3;77
5/1/2008;2007-08;FA Cup;1/32;Manchester United;Aston Villa;A;W;2-0;76;1;76
29/12/2007;2007-08;Premier League;20;Manchester United;West Ham United;A;L;1-2;75;1;75
26/12/2007;2007-08;Premier League;19;Manchester United;Sunderland;A;W;4-0;74;1;74
23/12/2007;2007-08;Premier League;18;Manchester United;Everton;H;W;2-1;73;2;73
8/12/2007;2007-08;Premier League;16;Manchester United;Derby County;H;W;4-1;72;1;72
3/12/2007;2007-08;Premier League;15;Manchester United;Fulham;H;W;2-0;71;2;71
27/11/2007;2007-08;UEFA Champions League;5;Manchester United;Sporting;H;W;2-1;70;1;70
11/11/2007;2007-08;Premier League;13;Manchester United;Blackburn Rovers;H;W;2-0;69;2;69
7/11/2007;2007-08;UEFA Champions League;4;Manchester United;Dynamo Kyiv;H;W;4-0;68;1;68
3/11/2007;2007-08;Premier League;12;Manchester United;Arsenal;A;D;2-2;67;1;67
23/10/2007;2007-08;UEFA Champions League;3;Manchester United;Dynamo Kyiv;A;W;4-2;66;2;66
17/10/2007;2007-08;European Championship - Qualifying;12;Portugal;Kazakhstan;A;W;2-1;65;1;65
6/10/2007;2007-08;Premier League;9;Manchester United;Wigan;H;W;4-0;64;2;64
29/9/2007;2007-08;Premier League;8;Manchester United;Birmingham;A;W;1-0;63;1;63
19/9/2007;2007-08;UEFA Champions League;1;Manchester United;Sporting;A;W;1-0;62;1;62
8/9/2007;2007-08;European Championship - Qualifying;9;Portugal;Poland;H;D;2-2;61;1;61
22/8/2007;2007-08;European Championship - Qualifying;8;Portugal;Armenia;A;D;1-1;60;1;60
5/5/2007;2006-07;Premier League;37;Manchester United;Manchester City;A;W;1-0;59;1;59
24/4/2007;2006-07;UEFA Champions League;1/2;Manchester United;AC Milan;H;W;3-2;58;1;58
14/4/2007;2006-07;FA Cup;1/2;Manchester United;Watford;N;W;4-1;57;1;57
10/4/2007;2006-07;UEFA Champions League;1/4;Manchester United;Roma;H;W;7-1;56;2;56
24/3/2007;2006-07;European Championship - Qualifying;5;Portugal;Belgium;H;W;4-0;55;2;55
19/3/2007;2006-07;FA Cup;1/4;Manchester United;Middlesbrough;H;W;1-0;54;1;54
10/3/2007;2006-07;FA Cup;1/4;Manchester United;Middlesbrough;A;D;2-2;53;1;53
24/2/2007;2006-07;Premier League;28;Manchester United;Fulham;A;W;2-1;52;1;52
3/2/2007;2006-07;Premier League;26;Manchester United;Tottenham;A;W;4-0;51;1;51
31/1/2007;2006-07;Premier League;25;Manchester United;Watford;H;W;4-0;50;1;50
13/1/2007;2006-07;Premier League;23;Manchester United;Aston Villa;H;W;3-1;49;1;49
30/12/2006;2006-07;Premier League;21;Manchester United;Reading;H;W;3-2;48;2;48
26/12/2006;2006-07;Premier League;20;Manchester United;Wigan;H;W;3-1;47;2;47
23/12/2006;2006-07;Premier League;19;Manchester United;Aston Villa;A;W;3-0;46;2;46
9/12/2006;2006-07;Premier League;17;Manchester United;Manchester City;H;W;3-1;45;1;45
29/11/2006;2006-07;Premier League;15;Manchester United;Everton;H;W;3-0;44;1;44
15/11/2006;2006-07;European Championship - Qualifying;4;Portugal;Kazakhstan;H;W;3-0;43;1;43
4/11/2006;2006-07;Premier League;11;Manchester United;Portsmouth;H;W;3-0;42;1;42
28/10/2006;2006-07;Premier League;10;Manchester United;Bolton;A;W;4-0;41;1;41
7/10/2006;2006-07;European Championship - Qualifying;2;Portugal;Azerbaijan;H;W;3-0;40;2;40
23/9/2006;2006-07;Premier League;6;Manchester United;Reading;A;D;1-1;39;1;39
20/8/2006;2006-07;Premier League;1;Manchester United;Fulham;H;W;5-1;38;1;38
17/6/2006;2005-06;World Cup - Finals;2;Portugal;Iran;N;W;2-0;37;1;37
7/5/2006;2005-06;Premier League;38;Manchester United;Charlton;H;W;4-0;36;1;36
6/3/2006;2005-06;Premier League;28;Manchester United;Wigan;A;W;2-1;35;1;35
1/3/2006;2005-06;Friendly;N/A;Portugal;Saudi Arabia;N;W;3-0;34;2;34
26/2/2006;2005-06;Carling Cup;Final;Manchester United;Wigan;N;W;4-0;33;1;33
11/2/2006;2005-06;Premier League;26;Manchester United;Portsmouth;A;W;3-1;32;2;32
4/2/2006;2005-06;Premier League;25;Manchester United;Fulham;H;W;4-2;31;2;31
31/12/2005;2005-06;Premier League;20;Manchester United;Bolton;H;W;4-1;30;2;30
30/11/2005;2005-06;Carling Cup;1/8;Manchester United;West Bromwich Albion;H;W;3-1;29;1;29
29/10/2005;2005-06;Premier League;11;Manchester United;Middlesbrough;A;L;1-4;28;1;28
9/8/2005;2005-06;UEFA Champions League - Qualifying;3rd Qualif.;Manchester United;Debreceni;H;W;3-0;27;1;27
8/6/2005;2004-05;World Cup - Qualifying;8;Portugal;Estonia;A;W;1-0;26;1;26
4/6/2005;2004-05;World Cup - Qualifying;7;Portugal;Slovakia;H;W;2-0;25;1;25
17/4/2005;2004-05;FA Cup;1/2;Manchester United;Newcastle United;N;W;4-1;24;1;24
19/3/2005;2004-05;Premier League;30;Manchester United;Fulham;H;W;1-0;23;1;23
12/3/2005;2004-05;FA Cup;1/4;Manchester United;Southampton;A;W;4-0;22;1;22
19/2/2005;2004-05;FA Cup;1/8;Manchester United;Everton;A;W;2-0;21;1;21
1/2/2005;2004-05;Premier League;25;Manchester United;Arsenal;A;W;4-2;20;2;20
22/1/2005;2004-05;Premier League;24;Manchester United;Aston Villa;H;W;3-1;19;1;19
19/1/2005;2004-05;FA Cup;1/32;Manchester United;Exeter City;A;W;2-0;18;1;18
4/12/2004;2004-05;Premier League;16;Manchester United;Southampton;H;W;3-0;17;1;17
17/11/2004;2004-05;World Cup - Qualifying;5;Portugal;Luxembourg;A;W;5-0;16;1;16
13/10/2004;2004-05;World Cup - Qualifying;4;Portugal;Russia;H;W;7-1;15;2;15
8/9/2004;2004-05;World Cup - Qualifying;2;Portugal;Estonia;H;W;4-0;14;1;14
4/9/2004;2004-05;World Cup - Qualifying;1;Portugal;Latvia;A;W;2-0;13;1;13
30/6/2004;2003-04;European Championship - Finals;1/2;Portugal;Netherlands;H;W;2-1;12;1;12
12/6/2004;2003-04;European Championship - Finals;1;Portugal;Greece;H;L;1-2;11;1;11
22/5/2004;2003-04;FA Cup;Final;Manchester United;Millwall;N;W;3-0;10;1;10
15/5/2004;2003-04;Premier League;38;Manchester United;Aston Villa;A;W;2-0;9;1;9
10/4/2004;2003-04;Premier League;32;Manchester United;Birmingham;A;W;2-1;8;1;8
20/3/2004;2003-04;Premier League;29;Manchester United;Tottenham;H;W;3-0;7;1;7
14/2/2004;2003-04;FA Cup;1/8;Manchester United;Manchester City;H;W;4-2;6;1;6
1/11/2003;2003-04;Premier League;11;Manchester United;Portsmouth;H;W;3-0;5;1;5
18/12/2002;2002-03;Portugal Cup;1/16;Sporting;Oliveira do Hospital;H;W;8-1;4;1;4
24/11/2002;2002-03;Portugal Cup;1/32;Sporting;Estarreja;H;W;4-1;3;1;3
26/10/2002;2002-03;Primeira Liga;8;Sporting;Boavista;A;W;2-1;2;1;2
7/10/2002;2002-03;Primeira Liga;6;Sporting;Moreirense;H;W;3-0;1;2;1
